idx,geom
1,"POLYGON((9.737316406259351 52.362301553994804,9.73842892998024 52.36265256601151,9.738818313282552 52.362171339150464,9.739226238646877 52.36215435457726,9.739411659267025 52.36184863114312,9.738336219670165 52.362109062350136,9.737316406259351 52.362301553994804))"